Title,Reason,URL,Tags,Comment
"ZenibaSeiniku",google-not-found,"https://www.google.com/maps/place/ZenibaSeiniku/data=!4m2!3m1!1s0x60188a7c6d820d89:0xcc156bbd1770f966","",""
"Joto’s old townhouses",google-not-found,"https://www.google.com/maps/place/Joto%E2%80%99s+old+townhouses/data=!4m2!3m1!1s0x35543135bb5d0b55:0xfa211e4aa9f8429b","",""
"Byakushin",google-not-found,"https://www.google.com/maps/place/Byakushin/data=!4m2!3m1!1s0x601891339ac875a9:0x90b3963131e814b","",""
"Meiō-in",google-not-found,"https://www.google.com/maps/place/Mei%C5%8D-in/data=!4m2!3m1!1s0x60188baefbab887d:0x357e463349dfa88d","",""
"Mita Canal Branch Intake",google-not-found,"https://www.google.com/maps/place/Mita+Canal+Branch+Intake/data=!4m2!3m1!1s0x6018f31650700529:0x95082d8970ee036","",""
"Aux Bacchanales Ginza",duplicate-google-id,"","",""
"Yamamoto's Hamburg",duplicate-google-id,"","",""
"Japanime Art Gallery Harajuku",duplicate-google-id,"","",""
"Fushimi Inari Shrine",duplicate-google-id,"","",""
"Inari Shrine",duplicate-google-id,"","",""
"Hinokicho Park",duplicate-title,"","",""
"Wada Inari Shrine",duplicate-google-id,"","",""
"Zenkōji Temple",duplicate-title,"","",""
"Zenkoji",duplicate-google-id,"","",""
"Togakushi Shrine",duplicate-google-id,"","",""
"Chanoki Inari Shrine",duplicate-google-id,"","",""
"Wadabori Park",duplicate-google-id,"","",""
"Fukiage inari Shrine",duplicate-google-id,"","",""
"Tō-no-Hetsuri",duplicate-google-id,"","",""
"Sukiya",duplicate-title,"","",""
"Joyful Minowa Shopping Street",duplicate-google-id,"","",""
"Tomioka Hachiman Shrine",duplicate-title,"","",""
"Atago Shrine",duplicate-google-id,"","",""
"Hisakuni-jinja Shrine",duplicate-google-id,"","",""
"Shimoochiai Hikawa Shrine",duplicate-google-id,"","",""
"Kaitenzushi Nemuro Hanamaru Ginza",duplicate-google-id,"","",""
"FamilyMart",duplicate-title,"","",""
"Sanrio Gift Gate",duplicate-title,"","",""
"Kura Sushi Global Flagship Store Asakusa",duplicate-google-id,"","",""
"Ushijima Shrine Torii",duplicate-google-id,"","",""
"Hikawa Shrine",duplicate-google-id,"","",""
"Musashi-Seki Park",duplicate-google-id,"","",""
"Rokuon-ji Kinkaku (Golden Pavilion)",duplicate-google-id,"","",""
"Кинкаку-ђи",duplicate-google-id,"","",""
"Сенсоџи",duplicate-google-id,"","",""
"Svetilište Icukušima",duplicate-google-id,"","",""
"Hie-jinja Shrine",duplicate-google-id,"","",""
"Tetsugaku No Michi",duplicate-google-id,"","",""
"Yanaka Ginza",duplicate-google-id,"","",""
"Meiji Jingu Gaien Ginkgo Avenue",duplicate-google-id,"","",""
"Kiyosumi Gardens",duplicate-google-id,"","",""
"Храм Меиђи",duplicate-google-id,"","",""
"Nakamise Shopping Street",duplicate-google-id,"","",""
"Sumida Park",duplicate-title,"","",""
"Fushimi Inari Taisha",duplicate-google-id,"","",""
"Komichi",non-japan,"","",""
"Pelican",non-japan,"","",""
"Ikoi.",non-japan,"","",""
"Ikoi cafe",non-japan,"","",""
"Kitchen Origin",non-japan,"","",""
"Delrey",non-japan,"","",""
"Grigio",non-japan,"","",""
"Oden",non-japan,"","",""
"Setagaya Park",non-japan,"","",""
"Suzuran",non-japan,"","",""
"reload",non-japan,"","",""
"Црква Васкрсења Христовог",non-japan,"","",""
"Airship Coffee",non-japan,"","",""
"Honcho Park",non-japan,"","",""
"Loudia",non-japan,"","",""
"STAR CLUB",non-japan,"","",""
"Mariya",non-japan,"","",""
"PATIO",non-japan,"","",""
"PIZZA SLICE",non-japan,"","",""
"Baja",non-japan,"","",""
"St. Paul's House",non-japan,"","",""
"Chicken Nara",non-japan,"","",""
"Kumo Japanese restaurant",non-japan,"","",""
"Gin Sushi",non-japan,"","",""
"Hananoki",non-japan,"","",""
"Nomad",non-japan,"","",""
"Tama Lake",non-japan,"","",""
"Sukiya",non-japan,"","",""
"Yoshinoya",non-japan,"","",""
"Harry Potter Studio Bicycle",non-japan,"","",""
"Manse Park",non-japan,"","",""
"Unagi Shokudo",non-japan,"","",""
"Le Pain",non-japan,"","",""
"Flower Field",non-japan,"","",""
"Mister Donut",non-japan,"","",""
"Takeda",non-japan,"","",""
"Shabu-Yo",non-japan,"","",""
"Giolitti",non-japan,"","",""
"Platinumya",non-japan,"","",""
"Kanadaya",non-japan,"","",""
"ART AQUARIUM MUSEUM",non-japan,"","",""
"Sanrio Gift Gate",non-japan,"","",""
"Park View Garden",non-japan,"","",""
"My Basket",non-japan,"","",""
"Bar Hameln",non-japan,"","",""
"五十鈴",non-japan,"","",""
"Flags",non-japan,"","",""
"KUZE FUKU & Co.",non-japan,"","",""
"Beard Papa’s",non-japan,"","",""
"Takioka",non-japan,"","",""
"Green Park Promenade",non-japan,"","",""
"LOST",non-japan,"","",""
"O-GUARD",non-japan,"","",""
"哲学者の道",non-japan,"","",""
"Not Suspicious",non-japan,"","",""
"Kozan",non-japan,"","",""
"Plaza",non-japan,"","",""
"Burger Mania",non-japan,"","",""
"DAY COFFEE",non-japan,"","",""
"Tonsei",non-japan,"","",""
"Manga and Coffee",non-japan,"","",""
"Ботаничка башта Коишикава",non-japan,"","",""
"Ogawa",non-japan,"","",""
"Kunming",non-japan,"","",""
"Huckleberry",non-japan,"","",""